1	01-cover	Cover	破局奢侈品夏季运营魔咒
2	02-toc	Contents	目录
3	03-part-one	Part One	品牌痛点
4	04-pain-point	Pain Point	奢侈品夏季运营的"不可能"
5	05-part-two	Part Two	核心策略
6	06-three-step	Solution	三板斧解法
7	07-audience	Audience	人群锚定
8	08-content	Content	内容翻译
9	09-loop	Loop	链路闭环
10	10-part-three	Part Three	合作亮点
11	11-highlights	Highlights	三大合作亮点
12	12-data-driven	Selection	数据驱动选品力
13	13-insight	Insight	消费洞察深度化
14	14-value-perception	Value	专业内容构建"值"认知
15	15-part-four	Part Four	范式沉淀
16	16-growth-model	Model	可复制的奢品增长模型
17	17-industry-value	Industry	行业价值
18	18-thank-you	Thank You	THANK YOU
